{
  "project_info": {
    "project_number": "756771939134",
    "project_id": "projetomobile-e9f47",
    "storage_bucket": "projetomobile-e9f47.firebasestorage.app"
  },
  "client": [
    {
      "client_info": {
        "mobilesdk_app_id": "1:756771939134:android:ed8960897d777191f8426f",
        "android_client_info": {
          "package_name": "com.example.projetomobile"
        }
      },
      "oauth_client": [],
      "api_key": [
        {
          "current_key": "AIzaSyAFE1-ekOJ-UWTIHP2VLlmOv6WyHZKJIbA"
        }
      ],
      "services": {
        "appinvite_service": {
          "other_platform_oauth_client": []
        }
      }
    }
  ],
  "configuration_version": "1"
}